{
  "version": 1,
  "author": "Galactic Dodger Team",
  "editor": "wokwi",
  "parts": [
    { "type": "wokwi-arduino-nano", "id": "nano", "top": 436.8, "left": -48.5, "attrs": {} },
    {
      "type": "wokwi-neopixel-matrix",
      "id": "matrix",
      "top": -319.2,
      "left": -53.87,
      "attrs": { "rows": "20", "cols": "10" }
    },
    {
      "type": "wokwi-pushbutton",
      "id": "btnL",
      "top": 313.4,
      "left": -150,
      "attrs": { "label": "LEFT", "color": "green" }
    },
    {
      "type": "wokwi-pushbutton",
      "id": "btnR",
      "top": 313.4,
      "left": 211.2,
      "attrs": { "label": "RIGHT", "color": "green" }
    }
  ],
  "connections": [
    [ "nano:GND.1", "btnL:1.l", "black", [ "v28.8", "h-259.2", "v-201.6" ] ],
    [ "nano:GND.1", "btnR:1.l", "black", [ "v28.8", "h115.2" ] ],
    [ "btnL:2.r", "nano:2", "green", [ "h20", "v80" ] ],
    [ "btnR:2.r", "nano:3", "green", [ "h19.4", "v96.2" ] ],
    [ "nano:5V", "matrix:VCC", "red", [] ],
    [ "nano:GND.2", "matrix:GND", "black", [] ],
    [ "nano:6", "matrix:DIN", "orange", [] ]
  ],
  "dependencies": {}
}